member_id,name,email,membership_status,address
4310,Essa Brisseau,ebrisseau0@elegantthemes.com,active,16467 Tony Avenue
2224,Chucho Catonne,ccatonne1@uiuc.edu,expired,9104 Ohio Terrace
4416,Klarika Caldwall,kcaldwall2@posterous.com,expired,43 Manufacturers Hill
1882,Vance Swayton,vswayton3@clickbank.net,active,8118 Calypso Park
7118,Yolane McBoyle,ymcboyle4@nbcnews.com,active,47412 Vera Plaza
4985,Atlante Ewart,aewart5@ovh.net,expired,30693 Barnett Way
2326,Millard Rawle,mrawle6@cpanel.net,active,640 Sundown Junction
5723,Cathryn Sunderland,csunderland7@furl.net,active,6 Crownhardt Point
5829,Joanne Griss,jgriss8@google.fr,active,7 Dennis Trail
5042,Giselle Pea,gpea9@1688.com,active,82505 Sullivan Parkway
8095,Jeni Tindall,jtindalla@rediff.com,active,28 Arapahoe Parkway
1280,Sascha Latchmore,slatchmoreb@princeton.edu,active,0212 Graedel Hill
4188,Gay Son,gsonc@cyberchimps.com,active,79 Eastwood Way
2455,Kristy Phelipeaux,kphelipeauxd@cocolog-nifty.com,expired,43892 Butterfield Way
4737,Kettie Plastow,kplastowe@chicagotribune.com,active,0941 Hermina Plaza
8349,Jake Etheredge,jetheredgef@pagesperso-orange.fr,active,06 Dorton Trail
5593,Colly Sherburn,csherburng@qq.com,active,841 Ridgeview Circle
9898,Mimi Calabry,mcalabryh@netvibes.com,active,5 Russell Alley
8358,Sisile Vondrak,svondraki@reference.com,active,218 Old Shore Avenue
3657,Elvin Burdett,eburdettj@indiatimes.com,active,408 Truax Circle
7983,Eldredge Harniman,eharnimank@stanford.edu,suspended,94212 Monterey Junction
6153,Abram Blades,abladesl@narod.ru,active,825 Aberg Road
1533,Ivy Hidderley,ihidderleym@chronoengine.com,active,5 Debs Park
5864,Loren Caltera,lcalteran@yelp.com,active,55879 Prairieview Trail
7695,Yorke Mordey,ymordeyo@barnesandnoble.com,active,681 Tennyson Point
7260,Roi Pipkin,rpipkinp@omniture.com,active,9205 Banding Drive
6145,Farlay Fairbourne,ffairbourneq@ft.com,expired,9369 Raven Point
6644,Anastasie Stening,asteningr@privacy.gov.au,expired,8834 Loeprich Avenue
9167,Magdaia Middup,mmiddups@netvibes.com,active,77 Reindahl Avenue
7319,Erda Pencost,epencostt@noaa.gov,active,8187 Northridge Plaza
6161,Heather Ciubutaro,hciubutarou@slate.com,active,6842 Mendota Trail
2921,Del Dohrmann,ddohrmannv@yahoo.co.jp,active,14 Jana Way
5670,Cristin Porter,cporterw@shareasale.com,active,02 Oriole Point
7791,Mabel Benian,mbenianx@apache.org,active,5712 Oak Valley Circle
5788,Benito Bunclark,bbunclarky@blogs.com,suspended,2 East Way
5636,Bronson Scottrell,bscottrellz@icio.us,active,1 Victoria Parkway
3512,Tonnie Drinkhall,tdrinkhall10@paginegialle.it,active,9 Grasskamp Way
5146,Delia Igglesden,digglesden11@blogtalkradio.com,expired,37009 Westend Street
9305,Giorgi Hartropp,ghartropp12@geocities.jp,active,409 Merrick Place
8508,Trev Brentnall,tbrentnall13@infoseek.co.jp,expired,555 Fremont Point
2741,Crysta Hazel,chazel14@earthlink.net,active,620 Amoth Junction
4195,Sandi Camerati,scamerati15@utexas.edu,active,80819 Badeau Crossing
5689,Eamon Dethloff,edethloff16@prlog.org,active,88829 Derek Junction
3076,Andrea Prendiville,aprendiville17@ameblo.jp,active,19 Rusk Junction
8897,Adelaida Brandenburg,abrandenburg18@usatoday.com,active,25481 Warbler Terrace
3595,Rosemaria Throughton,rthroughton19@networkadvertising.org,active,51929 East Crossing
8581,Carroll Morcomb,cmorcomb1a@vk.com,active,92353 Florence Point
5354,Garnet Harral,gharral1b@discovery.com,active,154 Prairieview Lane
2531,Mary Heiner,mheiner1c@discuz.net,active,01972 North Crossing
6539,Pepillo Allenby,pallenby1d@flavors.me,active,49 Sachs Crossing
7186,Brenn Egre,begre1e@npr.org,active,50 Walton Road
6360,Lily Adelman,ladelman1f@ebay.co.uk,active,1102 Clemons Terrace
2151,Kleon Racine,kracine1g@hp.com,active,69314 Victoria Hill
5040,Bernie Dickons,bdickons1h@themeforest.net,suspended,77 Bashford Drive
6250,Marcille Wyldbore,mwyldbore1i@forbes.com,expired,332 Northfield Plaza
4957,Rubi Erlam,rerlam1j@elegantthemes.com,active,07178 Logan Parkway
7459,Julissa Filchakov,jfilchakov1k@house.gov,active,63154 Merry Circle
1256,Allie Haggerwood,ahaggerwood1l@tiny.cc,active,65386 John Wall Street
6209,Faye Chatt,fchatt1m@theguardian.com,active,1378 Novick Crossing
3134,Perle Curley,pcurley1n@vistaprint.com,suspended,5 Independence Plaza
1763,Aimee Jumonet,ajumonet1o@opensource.org,active,1168 Grasskamp Parkway
3455,Roger Rentalll,rrentalll1p@sakura.ne.jp,expired,22223 Pleasure Court
3643,Ardella Langtry,alangtry1q@addtoany.com,expired,427 Dawn Trail
4320,Flem Cashen,fcashen1r@moonfruit.com,suspended,399 Dayton Park
5840,Truda Fairn,tfairn1s@timesonline.co.uk,active,0 Division Plaza
6111,Jeremiah Maginn,jmaginn1t@sourceforge.net,active,1948 Rowland Plaza
8382,Letitia Stables,lstables1u@constantcontact.com,active,3497 Mandrake Way
7945,Arlie Anlay,aanlay1v@163.com,active,681 Coleman Court
3843,Jordan Whiff,jwhiff1w@oakley.com,expired,595 Starling Place
9620,Shirlene Roser,sroser1x@dropbox.com,active,3660 Arrowood Lane
1406,Caritta Moine,cmoine1y@redcross.org,active,2424 Utah Center
8204,Nellie Tatterton,ntatterton1z@yahoo.com,active,960 Hudson Street
6313,Paddie Kerswell,pkerswell20@cam.ac.uk,active,311 Elmside Junction
6894,Deb Colebourn,dcolebourn21@usnews.com,active,7 Weeping Birch Terrace
3550,Brnaba Speight,bspeight22@theatlantic.com,active,84692 Larry Pass
6065,Binny Mattisson,bmattisson23@aol.com,active,76849 Forest Junction
1496,Ernst Pottberry,epottberry24@theglobeandmail.com,active,88464 Sommers Way
2977,Rafi Le Brun,rle25@naver.com,active,38 Mayfield Junction
7181,Huey Parratt,hparratt26@jigsy.com,active,00 Mayer Drive
1541,Yoko Dreakin,ydreakin27@homestead.com,active,475 Sage Pass
6500,Bobette Flintuff,bflintuff28@drupal.org,active,24260 Erie Circle
4190,Royal Thickins,rthickins29@accuweather.com,active,43291 Kim Place
7079,Kamillah Girardengo,kgirardengo2a@rediff.com,active,2 Merrick Lane
7855,Tessy Saint,tsaint2b@bloglovin.com,active,4869 Dayton Crossing
9625,Jacquenette Jacobssen,jjacobssen2c@auda.org.au,active,84 Lotheville Crossing
7740,Donnell Segoe Grundy,dsegoe2d@yellowbook.com,active,34 Del Mar Street
9016,Frederick Le Gassick,fle2e@usda.gov,active,73304 Armistice Pass
5941,Penny Tigwell,ptigwell2f@dmoz.org,active,41228 Hintze Lane
5035,Melamie Alvar,malvar2g@buzzfeed.com,expired,013 Chinook Terrace
3156,Jesselyn Lippo Rebbeck,jlippo2h@rakuten.co.jp,active,8 Village Lane
5577,Alberta Bednall,abednall2i@wordpress.com,active,4 Gina Plaza
7759,Franky Maclaine,fmaclaine2j@shareasale.com,active,0213 Esch Trail
9849,Kora Bootland,kbootland2k@theglobeandmail.com,active,26 Glacier Hill Drive
9255,Jewell Popescu,jpopescu2l@narod.ru,expired,602 Logan Avenue
8892,Sebastian Halmkin,shalmkin2m@merriam-webster.com,active,9237 Bellgrove Point
7152,Cesar Genike,cgenike2n@ucla.edu,active,55 Meadow Vale Alley
5987,Gordy Cawthorn,gcawthorn2o@sphinn.com,active,50843 Acker Drive
4660,Alleen Bontoft,abontoft2p@so-net.ne.jp,expired,3 Trailsway Street
5122,Shep Rennicks,srennicks2q@sciencedaily.com,active,41 Lakeland Parkway
8346,Giulietta Bolstridge,gbolstridge2r@go.com,expired,3998 Onsgard Court
8945,Auroora Phillipps,aphillipps2s@ft.com,suspended,63 Cody Way
7776,Maggi Maclaine,mmaclaine2t@netvibes.com,active,9019 Dapin Alley
3033,Annmarie Domerque,adomerque2u@statcounter.com,suspended,9 Division Terrace
1901,Gilbertina Wabersinke,gwabersinke2v@ucoz.ru,active,2 Stephen Trail
9871,Lindsey Duran,lduran2w@illinois.edu,active,27 Novick Crossing
4412,Aidan Fashion,afashion2x@slashdot.org,active,695 Main Avenue
3319,Jerad Woodfin,jwoodfin2y@sbwire.com,active,1302 Buell Place
1281,Ysabel Hopfer,yhopfer2z@blinklist.com,expired,5801 Katie Circle
6064,Cindra Dilnot,cdilnot30@jugem.jp,active,446 Kingsford Junction
8296,Shela Lomas,slomas31@google.pl,active,723 Leroy Trail
3312,Opalina Danniel,odanniel32@mayoclinic.com,active,192 South Drive
4771,Nealson Mulholland,nmulholland33@springer.com,active,1 Cottonwood Trail
6999,Gnni Glaserman,gglaserman34@theatlantic.com,active,282 Village Green Point
1609,Sherilyn Atkins,satkins35@princeton.edu,suspended,3720 Waxwing Street
8873,Gusti Skippen,gskippen36@cnn.com,active,61 Mayer Crossing
6014,Serge Pearlman,spearlman37@miitbeian.gov.cn,expired,2324 Division Plaza
3703,Paulie Kobsch,pkobsch38@tinypic.com,active,9276 Shopko Street
7749,Norrie Twort,ntwort39@forbes.com,active,74 Hauk Court
4149,Naomi BoHlingolsen,nbohlingolsen3a@creativecommons.org,active,75513 Kropf Way
1617,Horst Warn,hwarn3b@trellian.com,suspended,75950 Marquette Parkway
5665,Nevil Strickler,nstrickler3c@skyrock.com,active,9 Del Mar Lane
3945,Petr Wallbrook,pwallbrook3d@cnbc.com,active,1 Dayton Parkway
7596,Devland Velasquez,dvelasquez3e@chronoengine.com,expired,10 Waubesa Center
2093,Keene Minnis,kminnis3f@umn.edu,active,50 Novick Road
5946,Nataniel Dibbin,ndibbin3g@ycombinator.com,active,24811 Armistice Alley
4977,Matias Hallaways,mhallaways3h@jugem.jp,active,204 Maple Alley
2932,Perren Kleinerman,pkleinerman3i@jimdo.com,suspended,1949 Bluejay Street
7252,Gian Whaymand,gwhaymand3j@nhs.uk,active,63982 International Plaza
2926,Dore Ryding,dryding3k@ucsd.edu,expired,5099 Springs Crossing
8643,Hugh Cutridge,hcutridge3l@is.gd,active,804 Bay Plaza
9152,Cesaro Broad,cbroad3m@t-online.de,expired,782 Huxley Road
1630,Lyndsie Trotton,ltrotton3n@arizona.edu,active,7775 Anniversary Pass
9889,Sabine Hinsch,shinsch3o@miibeian.gov.cn,expired,94847 Westridge Street
2952,Major Glennie,mglennie3p@photobucket.com,active,012 Lakewood Street
8672,Selma Challenger,schallenger3q@bluehost.com,expired,232 Kenwood Place
9937,Conny Whistlecraft,cwhistlecraft3r@smh.com.au,active,145 Darwin Parkway
4218,Sissy Rablan,srablan3s@aboutads.info,active,98 Sunnyside Trail
7692,Barney Kira McCosker,bkira3t@ebay.com,active,004 Ronald Regan Way
1041,Roxie Dagg,rdagg3u@wisc.edu,expired,9510 Eastwood Alley
5646,Andie Hewins,ahewins3v@google.com,active,1 Sutherland Street
3596,Ignazio Roddy,iroddy3w@ehow.com,active,0 Manufacturers Avenue
7560,Allie Stopps,astopps3x@senate.gov,expired,7125 Monterey Avenue
3208,Gerri Tuckie,gtuckie3y@hud.gov,active,4 Everett Lane
4854,Donal Hadwin,dhadwin3z@storify.com,active,55 Jay Drive
2385,Tim Swin,tswin40@un.org,active,99 Hagan Parkway
2515,Sigismondo Bodicum,sbodicum41@buzzfeed.com,expired,782 Bunting Alley
5687,Gareth Cackett,gcackett42@miitbeian.gov.cn,active,16 Summer Ridge Plaza
1230,Flor Chadwyck,fchadwyck43@sciencedirect.com,active,799 Northfield Circle
5936,Raychel Frears,rfrears44@globo.com,active,9739 Stang Trail
4057,Ange Yezafovich,ayezafovich45@wisc.edu,suspended,3 Anniversary Alley
3808,Perceval Kernaghan,pkernaghan46@g.co,active,626 Pleasure Point
8634,Timoteo Crowcroft,tcrowcroft47@comsenz.com,active,749 Di Loreto Way
3533,Christoforo Blackie,cblackie48@a8.net,suspended,040 Heath Avenue
8478,Codi Bruyns,cbruyns49@latimes.com,active,6 Doe Crossing Plaza
9474,Rodolphe Burney,rburney4a@sfgate.com,active,62 Banding Avenue
5638,Rheta Abotson,rabotson4b@mac.com,suspended,31 Thackeray Circle
4914,Artair Thistleton,athistleton4c@utexas.edu,expired,7 Sauthoff Point
6870,Ryan Falla,rfalla4d@abc.net.au,active,699 Fordem Way
5209,Carolan Grieswood,cgrieswood4e@sun.com,active,25231 Prairie Rose Plaza
8776,Willyt Bostock,wbostock4f@bloglines.com,active,91 Valley Edge Lane
8293,Windy O'Ferris,woferris4g@samsung.com,expired,599 Browning Alley
3402,Ulrica Grantham,ugrantham4h@home.pl,active,10194 Mockingbird Point
3701,Malorie Winton,mwinton4i@ow.ly,active,3 Esker Junction
9475,Dennie Yerlett,dyerlett4j@pcworld.com,active,657 Sunfield Avenue
7677,Cullen Boatwright,cboatwright4k@geocities.jp,active,2199 Manley Center
2612,Dynah Philips,dphilips4l@nps.gov,suspended,41 Johnson Alley
1462,Clayborne Pridmore,cpridmore4m@wikipedia.org,active,40581 Kingsford Junction
8839,Rhetta Ledram,rledram4n@devhub.com,expired,6495 Hagan Center
8652,Ardene Duetschens,aduetschens4o@wunderground.com,expired,9901 Evergreen Drive
6874,Serena Mucklow,smucklow4p@cyberchimps.com,active,43 Towne Way
8219,Baxie Jonuzi,bjonuzi4q@technorati.com,suspended,32073 Iowa Terrace
7158,Arabella Seville,aseville4r@harvard.edu,active,2 Blue Bill Park Park
3895,Brantley Seebert,bseebert4s@scribd.com,active,4479 Hansons Crossing
8915,Miranda Perri,mperri4t@hibu.com,suspended,2797 Melrose Center
3140,Floyd Gremane,fgremane4u@squarespace.com,active,71886 Cardinal Center
4698,Cherilyn Lipson,clipson4v@surveymonkey.com,active,6444 Bultman Alley
6397,Tricia Himsworth,thimsworth4w@cbslocal.com,active,52200 Russell Pass
3949,Damara Yakunkin,dyakunkin4x@wikispaces.com,active,02227 Walton Park
7375,Leonid Akenhead,lakenhead4y@businessweek.com,active,90 Prentice Place
5482,Brandyn Rawsthorne,brawsthorne4z@irs.gov,active,16934 Vernon Park
9772,Hershel Beevis,hbeevis50@shareasale.com,active,445 Badeau Point
6927,Gennifer Draijer,gdraijer51@blogs.com,active,1 Anthes Trail
4500,Emelina Monard,emonard52@va.gov,suspended,418 7th Pass
9187,Glynda MacTavish,gmactavish53@cam.ac.uk,active,138 Donald Court
5271,Lori Dougary,ldougary54@gizmodo.com,active,96700 Arizona Alley
1668,Birdie Sandham,bsandham55@ow.ly,active,01 Iowa Point
1530,Shandie Coils,scoils56@istockphoto.com,suspended,97120 Pankratz Junction
3452,Annamaria Fend,afend57@creativecommons.org,expired,4 Atwood Street
3172,Grissel Trye,gtrye58@va.gov,active,472 Grayhawk Alley
4136,Pen Cahani,pcahani59@vimeo.com,active,517 Independence Parkway
5498,Roanne Mulberry,rmulberry5a@indiegogo.com,active,461 Roxbury Lane
6521,Herve Bilston,hbilston5b@purevolume.com,active,5 Artisan Parkway
9431,Roselle Rollin,rrollin5c@infoseek.co.jp,active,9 Darwin Alley
8973,Clarissa Nottingam,cnottingam5d@drupal.org,active,7897 Riverside Street
1382,Susan Okenfold,sokenfold5e@youtube.com,active,62 Texas Place
2233,Rani McVie,rmcvie5f@ucla.edu,active,67 Buhler Center
4659,Marji Wythe,mwythe5g@netscape.com,active,5087 Sachs Terrace
1826,Nelly Wrathall,nwrathall5h@cisco.com,active,3558 Grim Point
6192,Flory Batho,fbatho5i@businessinsider.com,active,44437 Dayton Junction
3591,Ajay Novis,anovis5j@huffingtonpost.com,active,502 Heath Alley
9636,Arline Dable,adable5k@columbia.edu,active,0364 Shopko Alley
1443,Ardis Benn,abenn5l@psu.edu,expired,133 Shasta Terrace
5496,Bethanne Gutowski,bgutowski5m@dion.ne.jp,active,36738 Mosinee Center
3280,Nadine Camillo,ncamillo5n@sphinn.com,active,56 1st Plaza
1722,Jenilee O'Luney,joluney5o@businesswire.com,active,795 Browning Park
2437,Charleen Roof,croof5p@state.gov,expired,81756 Boyd Avenue
8087,Xerxes Nelligan,xnelligan5q@google.nl,expired,63 Summerview Hill
2032,Alf Jacobowitz,ajacobowitz5r@ed.gov,active,3 Southridge Crossing
3039,Bryn Enrich,benrich5s@hibu.com,active,3752 Oriole Junction
9374,Brooke Malec,bmalec5t@furl.net,active,5598 Sycamore Place
9720,Eleni Barras,ebarras5u@house.gov,active,29685 Stone Corner Trail
8097,Cornelius Soppit,csoppit5v@google.co.jp,expired,26764 Dovetail Center
9126,Timmy Pasley Secombe,tpasley5w@drupal.org,active,0 Corben Center
9397,Wiatt Reith,wreith5x@a8.net,expired,72 Jackson Way
5193,Fleurette Dymott,fdymott5y@google.pl,expired,5 Boyd Way
2365,Miller Tweedell,mtweedell5z@smugmug.com,expired,213 Old Gate Park
1183,Clare Friedenbach,cfriedenbach60@dell.com,active,895 Brown Point
9100,Davin Takkos,dtakkos61@springer.com,active,07 Leroy Trail
1881,Dorolisa Wadham,dwadham62@telegraph.co.uk,active,1175 2nd Center
7531,Livvie Mustchin,lmustchin63@economist.com,active,9288 Bashford Drive
2707,Mellisa Quadling,mquadling64@artisteer.com,expired,53338 Garrison Trail
9680,Nancy Bolduc,nbolduc65@cornell.edu,expired,425 Lien Terrace
6410,Reed Drance,rdrance66@senate.gov,active,9750 Grasskamp Street
7015,Kira Dimitresco,kdimitresco67@issuu.com,active,69 Jenna Hill
7866,Jessee Weymouth,jweymouth68@gravatar.com,active,05 Hanson Circle
4214,Kimberley Etock,ketock69@stumbleupon.com,expired,7 Portage Terrace
4357,Monti Pillman,mpillman6a@blogger.com,expired,416 Heath Terrace
1440,Bryna Haskell,bhaskell6b@kickstarter.com,active,373 Riverside Circle
7910,Gerianne de Lloyd,gde6c@mapy.cz,expired,7506 Dayton Hill
2806,Maritsa Pauling,mpauling6d@github.io,active,5 Elgar Alley
5016,Davidde Ciotti,dciotti6e@alibaba.com,active,37521 Ridgeview Junction
1090,Maxie Budd,mbudd6f@wordpress.com,active,90643 Carey Way
2822,Banky Piris,bpiris6g@blogs.com,active,10402 Old Shore Plaza
5052,Robinetta Braksper,rbraksper6h@g.co,expired,3 Pankratz Terrace
2138,Darelle Vigne,dvigne6i@google.com.au,active,2 Susan Avenue
6590,Helyn Bunson,hbunson6j@whitehouse.gov,expired,78 Transport Pass
1649,Fifine Murthwaite,fmurthwaite6k@so-net.ne.jp,active,5969 Vahlen Road
8638,Minor Devaney,mdevaney6l@cisco.com,expired,6 Lunder Point
7232,Ramonda Batey,rbatey6m@epa.gov,active,4922 Tennyson Point
7725,Rodrick Stannion,rstannion6n@wufoo.com,active,6 Mariners Cove Junction
8127,Karlens Haggath,khaggath6o@newsvine.com,active,1679 Trailsway Drive
8891,Delly Lothlorien,dlothlorien6p@github.com,suspended,55 Florence Alley
8781,Ranique Biglin,rbiglin6q@devhub.com,active,8 Bluestem Place
7420,Graham Dicey,gdicey6r@nymag.com,active,27 5th Center
8871,Doralynne Amey,damey6s@gov.uk,active,87173 Spenser Street
6248,Hildy Pluvier,hpluvier6t@ucsd.edu,expired,2196 Mayer Hill
3706,Cedric Moncreif,cmoncreif6u@irs.gov,active,26 Barby Hill
4470,Nick Asey,nasey6v@cnn.com,expired,35020 Bashford Avenue
1063,Lexi Revely Overstall,lrevely6w@go.com,expired,2 East Parkway
4815,Nicholle Chesnut,nchesnut6x@utexas.edu,active,99 Tennessee Pass
9263,Ben Plaxton,bplaxton6y@senate.gov,active,3 New Castle Lane
3829,Red Garrett,rgarrett6z@smh.com.au,expired,41 Loftsgordon Avenue
8103,Stacia Bliben,sbliben70@auda.org.au,active,6303 Mariners Cove Junction
8539,Olympe Harrie,oharrie71@ask.com,active,82 Forster Way
4893,Geraldine Paradise,gparadise72@slideshare.net,active,506 Karstens Junction
9952,Carlotta Himpson,chimpson73@chicagotribune.com,active,3507 Grayhawk Hill
3741,Hebert Lowton,hlowton74@google.co.jp,active,72786 Pawling Point
6481,Joshia Gildersleeve,jgildersleeve75@google.ru,active,650 Carpenter Drive
7612,Olvan Bamfield,obamfield76@dion.ne.jp,active,0196 Loftsgordon Plaza
3852,Deva Morefield,dmorefield77@typepad.com,active,816 Morrow Center
6526,Scotty Laughlin,slaughlin78@ft.com,active,75827 Carey Terrace
4302,Manolo Carloni,mcarloni79@webeden.co.uk,active,25591 Swallow Road
9998,Sue Sewley,ssewley7a@mysql.com,active,8343 Marquette Circle
7021,Berrie Druitt,bdruitt7b@altervista.org,active,3253 Shasta Way
8797,Joann Leyre,jleyre7c@pinterest.com,active,60695 Crownhardt Street
7246,Brandise Betterton,bbetterton7d@google.fr,active,3542 Veith Junction
1734,Hailee Surmeyers,hsurmeyers7e@ucla.edu,active,63 Brickson Park Pass
8527,Loralyn Tillett,ltillett7f@shareasale.com,active,84 Glacier Hill Trail
4637,Derry Steptoe,dsteptoe7g@over-blog.com,active,5 School Road
8653,Martica Cow,mcow7h@barnesandnoble.com,active,3959 Spaight Alley
5143,Barret Harnott,bharnott7i@wordpress.com,expired,6150 Red Cloud Way
7106,Correy Rogans,crogans7j@businessweek.com,expired,88 Grasskamp Lane
5555,Bernardina Twine,btwine7k@gizmodo.com,active,96 Dovetail Avenue
6555,D'arcy Kinahan,dkinahan7l@aol.com,expired,09 Lunder Trail
3813,Richardo Blunt,rblunt7m@hubpages.com,active,57 Bashford Point
1205,Donovan Wantling,dwantling7n@examiner.com,active,89442 Morningstar Avenue
7303,Dee McArte,dmcarte7o@phoca.cz,active,028 Fremont Parkway
1797,Cathlene Gillion,cgillion7p@mozilla.org,active,15829 Chive Street
3862,Florenza Cancutt,fcancutt7q@gizmodo.com,active,4 Claremont Trail
5694,Micky Shimon,mshimon7r@nba.com,active,58 Lakeland Road
3126,Borden Padrick,bpadrick7s@prnewswire.com,active,04099 Westridge Terrace
1095,Carolynn Croxford,ccroxford7t@odnoklassniki.ru,expired,78878 Pond Trail
4106,Jordan Summerfield,jsummerfield7u@smh.com.au,expired,85742 Haas Crossing
8389,Gates Karpets,gkarpets7v@eventbrite.com,active,8 Service Drive
5129,Hannie Boyle,hboyle7w@accuweather.com,active,6 Dapin Avenue
2604,Quint Danilovic,qdanilovic7x@ihg.com,expired,2 Ludington Circle
1232,Bertha Prozescky,bprozescky7y@exblog.jp,active,2 Randy Park
2579,Sherman Tennet,stennet7z@europa.eu,expired,77442 Southridge Circle
6873,Marsh Ommundsen,mommundsen80@webeden.co.uk,active,6 Spenser Park
5697,Farica Belcham,fbelcham81@delicious.com,active,19 Lotheville Alley
7070,Kermie Wallbanks,kwallbanks82@printfriendly.com,active,12 Hayes Alley
8988,Cymbre McCudden,cmccudden83@ow.ly,active,2 Green Road
6336,Anette Conrath,aconrath84@unicef.org,expired,5 Orin Point
4433,Millie Mostyn,mmostyn85@woothemes.com,active,92551 Eliot Junction
8271,Margeaux Staite Hurry,mstaite86@unesco.org,active,44689 Moland Parkway
3979,Brigitte Savin,bsavin87@joomla.org,active,1276 Anthes Trail
3767,Francisco Demicoli,fdemicoli88@github.com,active,55034 Dwight Trail
3569,Janaye Mays,jmays89@unesco.org,active,640 Susan Avenue
4633,Ella Nezey,enezey8a@dion.ne.jp,active,35786 Hagan Center
6990,Xaviera Dawidowicz,xdawidowicz8b@ycombinator.com,suspended,7718 Scoville Circle
6614,Cozmo Pawnsford,cpawnsford8c@google.nl,active,75315 Prentice Circle
4186,Roldan Petrowsky,rpetrowsky8d@histats.com,active,029 Mayfield Alley
9546,Thornton Sheldrake,tsheldrake8e@state.gov,expired,08 Jay Alley
9734,Lani Gott,lgott8f@google.ru,active,3614 Haas Pass
1565,Robena Stedson,rstedson8g@1688.com,expired,57117 Jackson Park
5356,Vaclav Hannibal,vhannibal8h@mail.ru,active,5286 Clarendon Street
8956,Sashenka Bernt,sbernt8i@ft.com,active,36 Clarendon Place
2713,Holmes Grayston,hgrayston8j@prnewswire.com,active,293 Union Drive
5385,Tessie Bolduc,tbolduc8k@constantcontact.com,expired,1 Jana Plaza
7633,Isabella Rohan Clench,irohan8l@guardian.co.uk,active,4 Florence Place
7949,Berta Toyne,btoyne8m@sohu.com,active,0 Talmadge Trail
1276,Celestyna Reeveley,creeveley8n@linkedin.com,active,25 Melvin Road
9334,Mitchael Bendel,mbendel8o@bluehost.com,expired,51 Loomis Trail
5775,Artie Fussell,afussell8p@php.net,suspended,42 Hooker Street
3290,Teodorico Hunton,thunton8q@ucoz.ru,expired,52577 Kedzie Alley
6181,Loreen Laffranconi,llaffranconi8r@ca.gov,active,05272 Mosinee Point
3757,Gifford Libri,glibri8s@washingtonpost.com,active,6 Brentwood Plaza
2490,Latrina Kubas,lkubas8t@engadget.com,active,08943 Stone Corner Hill
5447,Ruthann Jarley,rjarley8u@psu.edu,active,4 Lillian Terrace
6620,Willyt Yankeev,wyankeev8v@walmart.com,active,062 Towne Plaza
8003,Allard McCleod,amccleod8w@jalbum.net,active,75 Goodland Terrace
2942,Virgie Palffrey,vpalffrey8x@symantec.com,active,233 Cherokee Plaza
1313,Barrett Rival,brival8y@sohu.com,active,7783 Browning Circle
7876,Cornie Shrieves,cshrieves8z@utexas.edu,active,8480 Elka Alley
4530,Candra Edinburough,cedinburough90@fotki.com,active,0 Glendale Trail
3831,Ugo Whaley,uwhaley91@bandcamp.com,active,6394 Cambridge Junction
1684,Almira Stickles,astickles92@pen.io,active,26952 Grasskamp Place
2366,Abbie Threadkell,athreadkell93@state.tx.us,expired,8205 Waubesa Avenue
8927,Kittie Cajkler,kcajkler94@quantcast.com,expired,73427 Pawling Junction
4184,Genni Rushby,grushby95@archive.org,expired,9 Northport Avenue
8153,Shina Rebillard,srebillard96@jalbum.net,active,768 Kipling Way
8027,Adel Esbrook,aesbrook97@wufoo.com,active,423 Pond Crossing
6321,Row Pilgrim,rpilgrim98@163.com,active,6 Lakewood Parkway
1724,Davida McGilbon,dmcgilbon99@wired.com,active,5 Boyd Road
1516,Merna Sandhill,msandhill9a@telegraph.co.uk,active,4684 Elka Parkway
6125,Reba Ox,rox9b@wiley.com,active,3 Fulton Center
5208,Bianka Tukesby,btukesby9c@mozilla.org,expired,5 Fordem Junction
1446,Patrizia Hennington,phennington9d@sciencedaily.com,active,3340 Park Meadow Drive
3105,Lucy Vallender,lvallender9e@biblegateway.com,active,37812 Haas Terrace
7947,Vance Tommaseo,vtommaseo9f@istockphoto.com,active,7 Messerschmidt Terrace
3420,Pandora Crookshanks,pcrookshanks9g@studiopress.com,expired,128 Maywood Terrace
8156,Maible Vel,mvel9h@pinterest.com,active,86 Northfield Pass
7691,Tracy Waterson,twaterson9i@hatena.ne.jp,expired,86 Sutherland Plaza
4933,Dannye Menary,dmenary9j@businessweek.com,active,094 Texas Hill
9316,Christophe Baldacco,cbaldacco9k@epa.gov,active,21 Sachs Crossing
3722,Leonie MacNeilley,lmacneilley9l@cdc.gov,active,4 Kropf Terrace
1993,Marybeth Johnstone,mjohnstone9m@apple.com,active,145 Marquette Trail
6759,Stepha Hartles,shartles9n@omniture.com,suspended,22464 Calypso Road
4383,Tamas Ruttgers,truttgers9o@census.gov,suspended,646 Banding Road
1400,Zachariah Lamburn,zlamburn9p@ox.ac.uk,active,294 Barby Road
2230,Ramsey Sibly,rsibly9q@networksolutions.com,active,0137 Fairview Hill
6544,Franklin Graeme,fgraeme9r@google.fr,active,874 Manufacturers Way
7308,Danna Hovington,dhovington9s@economist.com,active,75 Esch Trail
2656,Gregorius Andrelli,gandrelli9t@nasa.gov,active,00793 Barnett Terrace
9485,Elvina Cowley,ecowley9u@soundcloud.com,expired,90 Daystar Way
1823,Jordana Bartalot,jbartalot9v@unblog.fr,active,18205 Green Hill
1790,Lidia Simoncello,lsimoncello9w@tripod.com,active,49 Surrey Alley
9410,Annmaria Brychan Sulter,abrychan9x@free.fr,active,9 Granby Alley
4370,Marleen Waker,mwaker9y@typepad.com,active,4629 Gateway Avenue
5316,Tommy Sherwin,tsherwin9z@stanford.edu,active,2535 Laurel Place
7756,Heida Botton,hbottona0@jigsy.com,active,16 High Crossing Junction
7196,Frank Dewar,fdewara1@merriam-webster.com,expired,9421 Bluejay Terrace
9985,William Jodlkowski,wjodlkowskia2@exblog.jp,active,064 Drewry Court
3876,Joice Scedall,jscedalla3@upenn.edu,active,733 Norway Maple Park
1484,Tab Carbery,tcarberya4@shareasale.com,active,51 Anniversary Way
6219,Garey Ridsdale,gridsdalea5@gizmodo.com,active,0 Messerschmidt Center
9197,Hillary Lamonby,hlamonbya6@4shared.com,active,8 Boyd Trail
6898,Lurleen Melloy,lmelloya7@blog.com,suspended,6 Fairview Street
1770,Robin Gillford,rgillforda8@squidoo.com,active,0932 Bunker Hill Parkway
7774,Debora Wildman,dwildmana9@mapy.cz,expired,29920 Hintze Hill
5195,Joelly Verralls,jverrallsaa@cbslocal.com,active,6 Morrow Plaza
3162,Chaunce Hampe,champeab@ifeng.com,active,974 Vera Trail
5159,Lily Phibb,lphibbac@tumblr.com,active,27 Maywood Center
5341,Gertrudis Tattershaw,gtattershawad@nydailynews.com,expired,7721 Waxwing Drive
3575,Francine Ausher,fausherae@blog.com,active,0 Mayer Drive
2754,Andrew Daunter,adaunteraf@lulu.com,expired,24 Loomis Hill
1340,Annabal Charker,acharkerag@elpais.com,active,44 Coolidge Alley
5070,Oren Soigoux,osoigouxah@who.int,active,16652 Esch Lane
2669,Kira Hay,khayai@businessinsider.com,active,28 Roth Center
8502,Reeba Soltan,rsoltanaj@mlb.com,active,58 Elgar Way
7551,Burke Pickthorne,bpickthorneak@walmart.com,suspended,334 Declaration Court
6193,Salomi Anstiss,sanstissal@deliciousdays.com,active,5407 Sunnyside Terrace
4125,Eli Dartnall,edartnallam@cnet.com,expired,019 Macpherson Way
9956,Aurora Holwell,aholwellan@shinystat.com,active,54422 Hovde Alley
2002,Corabella Noto,cnotoao@cocolog-nifty.com,active,697 Pepper Wood Street
1301,Stevena Wickersham,swickershamap@blogspot.com,expired,97118 Corry Park
8986,Rand Littlepage Pudding,rlittlepageaq@fotki.com,active,9 Everett Lane
8312,Bryon Hassard,bhassardar@nhs.uk,active,497 Golf Course Parkway
5229,Markus Baddam,mbaddamas@gov.uk,expired,5 Dayton Circle
9798,Anjanette Talby,atalbyat@nbcnews.com,active,51483 Merry Trail
1060,Sissie Blondelle,sblondelleau@google.cn,suspended,2 Mesta Junction
2360,Kincaid Mallatratt,kmallatrattav@amazon.co.uk,active,0637 Bluejay Point
4589,Elfrieda Yosevitz,eyosevitzaw@bizjournals.com,active,9156 Mccormick Crossing
7326,Carolynn Alvy,calvyax@meetup.com,active,456 Mallard Center
1419,Burch Blaza,bblazaay@cdbaby.com,active,352 Ronald Regan Junction
7247,Dore Budnik,dbudnikaz@uol.com.br,active,8585 Coleman Pass
3751,Reggie Sparshott,rsparshottb0@narod.ru,active,36288 Emmet Road
6837,Chance Goldfinch,cgoldfinchb1@sun.com,expired,96715 Mcguire Plaza
5060,Hammad Growcott,hgrowcottb2@ebay.co.uk,active,0 Granby Junction
7071,Rosy Duffield,rduffieldb3@bigcartel.com,active,223 Kipling Place
1680,Heddi Marzelli,hmarzellib4@ycombinator.com,expired,2549 Wayridge Point
7535,Taffy Woolatt,twoolattb5@shareasale.com,active,292 Morning Court
7041,Jazmin Jamot,jjamotb6@biblegateway.com,active,2 Boyd Pass
8794,Desdemona Tringham,dtringhamb7@com.com,active,3446 Waywood Avenue
9409,Coralie Simacek,csimacekb8@ebay.co.uk,active,83 Clarendon Court
3809,Caprice Kershaw,ckershawb9@tripadvisor.com,active,7154 Onsgard Avenue
6510,Bing Tathacott,btathacottba@gravatar.com,suspended,1 Hovde Street
7486,Rockey Fanning,rfanningbb@bing.com,active,57 Pond Street
6432,Karia Northill,knorthillbc@last.fm,active,60 Novick Pass
7215,Eadie Jansey,ejanseybd@reverbnation.com,expired,2 Ilene Center
4506,Ansel Marle,amarlebe@fc2.com,expired,4 Mallory Alley
3218,Edy Chesterfield,echesterfieldbf@google.pl,active,2 Buell Circle
4379,Michel Biever,mbieverbg@histats.com,active,9597 Golden Leaf Place
2425,Shane Sams,ssamsbh@huffingtonpost.com,active,620 Mayer Hill
8327,Tyler Yarrall,tyarrallbi@addthis.com,expired,928 Northfield Junction
1239,Aymer Mullaney,amullaneybj@prweb.com,active,64 Luster Crossing
3824,Dallon Vanyushin,dvanyushinbk@dagondesign.com,active,8283 Northview Drive
5086,Kristofor Dornin,kdorninbl@columbia.edu,expired,93857 Eastwood Plaza
5753,Carroll Hawarden,chawardenbm@google.com.hk,active,35938 Kennedy Plaza
8459,Ephrem Youde,eyoudebn@prnewswire.com,active,47 Warrior Hill
2281,Bili Symper,bsymperbo@vistaprint.com,active,3653 Lotheville Point
6098,Marcos Romanet,mromanetbp@exblog.jp,active,40 Eliot Park
4031,Valeda Vearnals,vvearnalsbq@cornell.edu,active,9638 Beilfuss Circle
2563,Desiree De Bellis,ddebr@cpanel.net,active,2 Schurz Place
9907,Kali Cardall,kcardallbs@theatlantic.com,expired,947 Old Shore Plaza
3294,Rockey Cuningham,rcuninghambt@jalbum.net,active,7925 Nobel Plaza
3353,Stephannie Cainey,scaineybu@themeforest.net,active,6 Lotheville Park
8857,Herc Maple,hmaplebv@bigcartel.com,active,701 Dottie Terrace
5420,Timoteo Kervin,tkervinbw@umn.edu,active,3 Manitowish Pass
1277,Phillipe Georghiou,pgeorghioubx@latimes.com,active,331 Aberg Park
3014,Samaria Blaxton,sblaxtonby@discuz.net,expired,7 Utah Way
5402,Dasi Pepon,dpeponbz@columbia.edu,active,638 Rockefeller Drive
1034,Victoria Putland,vputlandc0@prweb.com,active,093 Emmet Crossing
3567,Harlie Gallanders,hgallandersc1@tiny.cc,expired,989 Calypso Hill
9053,Sheilakathryn Dimberline,sdimberlinec2@theatlantic.com,active,1 Kropf Plaza
8273,Jase Ferne,jfernec3@oracle.com,active,53342 Cardinal Junction
8962,Joella Fayerman,jfayermanc4@163.com,expired,978 Burrows Point
6328,Ky Camamile,kcamamilec5@stumbleupon.com,active,87757 Bluejay Avenue
1294,Marice Colling,mcollingc6@seattletimes.com,active,51718 Sachtjen Lane
9782,Candide Rumsby,crumsbyc7@tmall.com,active,483 Bunker Hill Drive
6553,Tani Jeyness,tjeynessc8@google.es,expired,43 Steensland Way
6857,Michael Garr,mgarrc9@gmpg.org,active,0 Trailsway Point
3616,Minor Impey,mimpeyca@shinystat.com,expired,74131 Mccormick Park
1368,Graehme Yetton,gyettoncb@360.cn,expired,047 5th Plaza
3236,Theodor Pues,tpuescc@aol.com,active,85966 Brown Point
5044,Audi Dewi,adewicd@buzzfeed.com,active,4770 Forest Run Alley
9885,Ashlan Debrick,adebrickce@washingtonpost.com,expired,913 Ridgeview Lane
8837,Berty Vasyukhnov,bvasyukhnovcf@boston.com,active,9552 New Castle Avenue
6223,Trixi Votier,tvotiercg@nhs.uk,active,19233 Holmberg Alley
7105,Jefferson Fairall,jfairallch@amazon.co.jp,active,543 Blackbird Crossing
9599,Warden Bosward,wboswardci@tmall.com,active,9552 Toban Road
4080,Patrizia McMakin,pmcmakincj@typepad.com,active,357 Cascade Place
9395,Nicolette Lethbrig,nlethbrigck@vkontakte.ru,active,5 Nevada Terrace
8558,Debora Llorente,dllorentecl@hao123.com,active,47 International Terrace
9767,Nikita Westall Halwood,nwestallcm@parallels.com,expired,217 Menomonie Lane
2675,Leela Godbehere,lgodbeherecn@alibaba.com,expired,1 2nd Alley
9696,Roscoe Chotty,rchottyco@wordpress.com,active,49 Butternut Terrace
1991,Hamilton Alessandrini,halessandrinicp@sun.com,active,3844 Sycamore Lane
2961,Cordie Ruffey,cruffeycq@studiopress.com,expired,83 Granby Hill
9706,Odette Redihalgh,oredihalghcr@hugedomains.com,active,7 Fairfield Street
5533,Rebecka Girardoni,rgirardonics@reddit.com,active,32 Buhler Parkway
7027,Nicolina Sibille,nsibillect@boston.com,expired,387 Prairieview Hill
4270,Renato Hewlings,rhewlingscu@go.com,active,1847 Mcbride Circle
7950,Alasteir Bengoechea,abengoecheacv@chicagotribune.com,active,23 Fulton Trail
2191,Allyce Betser,abetsercw@nyu.edu,expired,1691 Union Street
3630,Zandra Espie Saxelby,zespiecx@uiuc.edu,active,39 Dovetail Drive
1555,Maressa Zorener,mzorenercy@epa.gov,active,2 2nd Drive
6711,Udall Giddens,ugiddenscz@php.net,active,74010 Hoepker Terrace
4087,Garey O'Sheeryne,gosheeryned0@ftc.gov,suspended,1 Graceland Road
9733,Cathie Olenchenko,colenchenkod1@nih.gov,active,85 Mariners Cove Road
9308,Robin Van den Velden,rvand2@admin.ch,active,667 Melrose Junction
7541,Bradly Smither,bsmitherd3@tmall.com,active,96273 Veith Plaza
4979,Penelope Adamthwaite,padamthwaited4@wufoo.com,active,7 Hoffman Plaza
5648,Aaron Bigley,abigleyd5@netscape.com,suspended,89 Jenifer Way
1757,Chelsey Lefever,clefeverd6@timesonline.co.uk,active,6236 Comanche Way
6755,Eachelle Menear,emeneard7@msn.com,active,911 Marquette Center
6632,Aime Cathee,acatheed8@cargocollective.com,expired,78172 Killdeer Drive
3041,Richmound Ledgley,rledgleyd9@answers.com,active,91505 Farragut Park
1303,Dedra Reilly,dreillyda@symantec.com,active,410 Spohn Hill
4143,Charlotte Goult,cgoultdb@cloudflare.com,expired,0 Aberg Road
8572,Brien Billows,bbillowsdc@gizmodo.com,active,57 Tennessee Way
3615,Jelene Crayton,jcraytondd@twitter.com,expired,9 Surrey Avenue
9012,Wesley Rustidge,wrustidgede@ebay.co.uk,active,77384 Florence Hill
7863,Annabel McFadyen,amcfadyendf@intel.com,expired,8 Merrick Circle
1260,Aimil Hitzmann,ahitzmanndg@mediafire.com,active,4 Kinsman Street
6860,Katherina Abernethy,kabernethydh@nsw.gov.au,expired,46 Artisan Trail
3144,Murdoch Beecham,mbeechamdi@ftc.gov,expired,49 Lotheville Hill
7321,Blondelle Stather,bstatherdj@about.com,active,747 Esker Drive
1412,Phylis Hentze,phentzedk@yandex.ru,active,2 Trailsway Alley
6383,Antonino Judge,ajudgedl@earthlink.net,expired,81762 Gina Avenue
5444,Karole Chese,kchesedm@gizmodo.com,active,32273 Glendale Parkway
3184,Fionna Stieger,fstiegerdn@usatoday.com,suspended,8683 Eagan Place
2179,Hollie Wrathmall,hwrathmalldo@flavors.me,suspended,64668 8th Crossing
7807,Ann-marie Potapczuk,apotapczukdp@slideshare.net,active,9 8th Circle
5087,Gregg Nani,gnanidq@mac.com,active,930 5th Plaza
9461,Arturo Blitzer,ablitzerdr@skyrock.com,active,102 Anthes Alley
6626,Jasmina Macewan,jmacewands@twitter.com,active,29 Farmco Plaza
9414,Demetrius Fierman,dfiermandt@earthlink.net,active,303 Veith Street
3990,Worth Thompson,wthompsondu@deliciousdays.com,suspended,156 Manitowish Junction
8952,Lyndsey Bess,lbessdv@yahoo.co.jp,suspended,512 Summit Alley
2316,Whitney Viall,wvialldw@dell.com,active,271 Northfield Place
1739,Sande Storkes,sstorkesdx@state.gov,active,3749 Pawling Plaza
5066,Conchita Bootyman,cbootymandy@goo.ne.jp,expired,00550 Debs Place
7572,Leonardo Meachan,lmeachandz@mit.edu,active,0501 Eastwood Hill
7368,Mariann Phillis,mphillise0@google.com.au,active,219 Moulton Point
6708,Clevey Alexandrou,calexandroue1@dion.ne.jp,active,2675 Katie Hill
1010,Brucie Bullion,bbullione2@tmall.com,expired,95 Victoria Park
6652,Seline Willoughway,swilloughwaye3@behance.net,expired,54854 Kings Point
6836,Sharline Gurnay,sgurnaye4@i2i.jp,expired,70 Sauthoff Alley
4987,Timmie Heditch,theditche5@amazon.co.uk,active,27 Badeau Parkway
3581,Ed Spelwood,espelwoode6@mapy.cz,expired,9 Brentwood Place
8107,Ber Goldby,bgoldbye7@businessweek.com,suspended,6840 Roxbury Terrace
8141,Isabelita Glavias,iglaviase8@alexa.com,active,8 Pepper Wood Way
8342,Loralee Dumbellow,ldumbellowe9@sohu.com,active,768 Burning Wood Street
4993,Cyrillus Sepey,csepeyea@cargocollective.com,active,13 Ryan Street
6935,Peder Denziloe,pdenziloeeb@xing.com,active,13178 Schiller Trail
3092,Kelly Blaskett,kblaskettec@ning.com,expired,705 Grasskamp Park
4755,Toby Stevings,tstevingsed@wikia.com,expired,77 Graceland Crossing
7702,Parry Whiting,pwhitingee@stumbleupon.com,expired,216 Lakewood Gardens Avenue
9846,Merry Madders,mmaddersef@weather.com,active,8842 Merry Court
2916,Dorthea Roswarn,droswarneg@unc.edu,active,3 Westerfield Trail
2396,Demetrius Andre,dandreeh@ning.com,active,5709 Schurz Terrace
6988,Brooke Grigoriscu Culp,bgrigoriscuei@google.co.uk,active,96012 Blaine Lane
9958,Wadsworth Maving,wmavingej@pen.io,active,92105 South Trail
9770,Avery Flockhart,aflockhartek@nydailynews.com,expired,1 Dennis Lane
5481,Michele Varrow,mvarrowel@posterous.com,suspended,01 Dottie Avenue
9642,Mervin Kincla,mkinclaem@statcounter.com,active,71005 Scofield Drive
4309,Ardith Shelf,ashelfen@deviantart.com,expired,8445 Oak Parkway
8716,Eleonore Woolaghan,ewoolaghaneo@netvibes.com,active,409 Mayer Drive
1324,Sim Horribine,shorribineep@oracle.com,active,4 Marquette Trail
2216,Constantine Peet,cpeeteq@alibaba.com,expired,399 Granby Pass
9738,Rina Deam,rdeamer@icq.com,suspended,81559 Surrey Way
3890,Wanda de Verson,wdees@edublogs.org,active,2243 Helena Avenue
1047,Angel Tomicki,atomickiet@wix.com,active,290 Magdeline Court
3556,Oralla Venmore,ovenmoreeu@earthlink.net,active,139 Waxwing Court
5704,Danny Tarr,dtarrev@twitter.com,active,117 Bonner Avenue
5315,Marigold Wolpert,mwolpertew@spiegel.de,active,7 Arapahoe Lane
6070,Rebeca Greswell,rgreswellex@weather.com,active,51 Shoshone Way
6343,Afton Hobbing,ahobbingey@state.gov,active,31999 Starling Circle
1029,Toddie Salter Clist,tsalterez@dailymotion.com,expired,2365 Bayside Parkway
1383,Alvina Leagas,aleagasf0@tinyurl.com,active,13 Oriole Street
3020,Jaquelyn Loveridge,jloveridgef1@e-recht24.de,expired,907 Division Terrace
6334,Waylan Slatcher,wslatcherf2@stanford.edu,active,825 Bunker Hill Road
4281,Trudey Elcoat,telcoatf3@weather.com,active,301 Melrose Place
7711,Remus Jayme,rjaymef4@instagram.com,active,58 Mallory Avenue
8702,Rooney Kuhle,rkuhlef5@boston.com,expired,0179 Service Parkway
9160,Mata Poletto,mpolettof6@biblegateway.com,active,52181 Bayside Plaza
6906,Marlee Helks,mhelksf7@tripadvisor.com,active,761 Amoth Crossing
5806,Colette McCard,cmccardf8@time.com,active,05 Coleman Trail
2496,Miltie Enoksson,menokssonf9@sbwire.com,active,6946 Havey Point
3917,Ab Glencross,aglencrossfa@gnu.org,active,2858 Southridge Terrace
8111,Arlie Godball,agodballfb@google.co.jp,active,2072 Village Street
8079,Janeta Horwell,jhorwellfc@fotki.com,suspended,116 Emmet Trail
6911,Jeanne Charman,jcharmanfd@hud.gov,active,73 Old Shore Point
1122,Vinnie McGinnell,vmcginnellfe@berkeley.edu,active,03 Parkside Terrace
9484,Mari Cadwaladr,mcadwaladrff@twitter.com,active,7 Summer Ridge Hill
3302,Lillis Musto,lmustofg@amazon.com,expired,29 Victoria Avenue
7466,Araldo Alford,aalfordfh@123-reg.co.uk,expired,297 Hoffman Drive
1332,Ode MacTague,omactaguefi@wired.com,active,72 Schiller Terrace
1395,Giordano Biddle,gbiddlefj@ifeng.com,active,4 Miller Circle
1651,Sammy Roos,sroosfk@infoseek.co.jp,active,4 Monterey Place
5532,Amelie Speir Paler,aspeirfl@addthis.com,active,30 Washington Way
4673,Filip Reek,freekfm@omniture.com,expired,72554 Hallows Hill
7377,Tressa Gouth,tgouthfn@g.co,active,1 Crowley Place
9506,Wat MacMickan,wmacmickanfo@squidoo.com,active,110 Paget Plaza
6245,Tawsha McGaughey,tmcgaugheyfp@wunderground.com,expired,0 Quincy Drive
4532,Neill Walthew,nwalthewfq@sitemeter.com,active,48515 Monica Junction
4658,Kaitlynn Pietrowski,kpietrowskifr@geocities.jp,active,76 Mayer Street
6765,Ardis Saurat,asauratfs@skype.com,active,31149 Lighthouse Bay Road
6470,Travis Baggaley,tbaggaleyft@nih.gov,suspended,78172 Parkside Park
5874,Ferdie Accum,faccumfu@constantcontact.com,active,41937 Valley Edge Circle
1831,Odelia Tink,otinkfv@google.fr,expired,455 Ryan Drive
2781,Galven Emes,gemesfw@scribd.com,active,8 Birchwood Court
8526,Jeannie Lethardy Amyes,jlethardyfx@miibeian.gov.cn,active,4 Iowa Parkway
5828,Cicely Scholey,cscholeyfy@marriott.com,active,1853 Mayer Trail
5401,Thomasa Wigg,twiggfz@feedburner.com,active,84720 Merchant Drive
1587,Tammy Drinkall,tdrinkallg0@craigslist.org,active,692 Dorton Circle
1067,Kala Bedome,kbedomeg1@eventbrite.com,expired,409 Barnett Avenue
6186,Sharyl Fairbrass,sfairbrassg2@ucoz.ru,active,194 Ilene Drive
1263,Elke Clapp,eclappg3@ft.com,active,27 Carberry Point
4542,Frederique Tregaskis,ftregaskisg4@moonfruit.com,active,959 Birchwood Avenue
5512,Brittani Arnely,barnelyg5@dailymotion.com,active,0723 Mayer Crossing
6100,Peterus Highton,phightong6@ucoz.com,active,7 Mockingbird Terrace
5681,Crysta Ottam,cottamg7@cnn.com,active,04026 Laurel Trail
4017,Bradan Philliphs Demschke,bphilliphsg8@bbc.co.uk,active,01 Marcy Plaza
1830,Alfie Pinney,apinneyg9@cnn.com,active,51 Loomis Place
5364,Tedda MacGruer,tmacgruerga@princeton.edu,active,68 Pierstorff Parkway
3278,Bobbette Dana,bdanagb@cnn.com,expired,95 Drewry Alley
3734,Kath Priver,kprivergc@soundcloud.com,active,598 Valley Edge Terrace
5326,Jabez Scud,jscudgd@uiuc.edu,active,6331 Rutledge Point
7593,Milena Dary,mdaryge@so-net.ne.jp,active,4287 Anzinger Street
5307,Nevsa De Paepe,ndegf@umich.edu,active,8 Cambridge Park
3195,Emmott Tricker,etrickergg@ted.com,active,4 Summerview Plaza
2613,Caron Moran,cmorangh@stumbleupon.com,active,4730 Novick Point
7354,Trula Stit,tstitgi@examiner.com,expired,3485 Warner Road
1337,Issie Mapother,imapothergj@soup.io,active,5178 Dayton Parkway
3229,Gran Riseam,griseamgk@bluehost.com,active,57549 Thackeray Street
5332,Cornelle Legan,clegangl@hatena.ne.jp,active,07 Hayes Plaza
7577,Peder Simka,psimkagm@tinypic.com,active,53907 Mandrake Drive
6149,Paten Fortye,pfortyegn@upenn.edu,active,6801 Hooker Trail
8157,Guss Brundell,gbrundellgo@noaa.gov,expired,2267 Bay Street
2137,Mallory Giovanardi,mgiovanardigp@wunderground.com,expired,128 Larry Street
2112,Coop Johnke,cjohnkegq@goodreads.com,suspended,52983 Old Gate Plaza
7450,Michale Briton,mbritongr@homestead.com,suspended,04069 Kropf Crossing
9188,Annabella Lenney,alenneygs@unc.edu,active,7 Clyde Gallagher Place
9585,Shirl Matyashev,smatyashevgt@com.com,expired,2133 Cascade Pass
9069,Cammie Sweeten,csweetengu@webeden.co.uk,suspended,877 Oneill Pass
3817,Katrina Baigent,kbaigentgv@i2i.jp,active,937 Moland Road
9436,Levin Killiner,lkillinergw@utexas.edu,active,091 Carpenter Place
2121,Sisile Hughson,shughsongx@arizona.edu,expired,579 Sutherland Place
3317,Missy Weldrake,mweldrakegy@chron.com,active,750 Vermont Way
8102,Joycelin Shaplin,jshaplingz@parallels.com,expired,04049 Bellgrove Drive
8935,Gabriell Bedow,gbedowh0@samsung.com,active,88 Pennsylvania Alley
8504,Arch Mateos,amateosh1@tumblr.com,active,9 Bayside Way
3870,Elvis Geany,egeanyh2@mapquest.com,expired,2 Acker Plaza
3161,Yoshiko Burgne,yburgneh3@w3.org,expired,87395 Mitchell Parkway
6867,Perry Bofield,pbofieldh4@indiatimes.com,active,8139 Warbler Pass
1025,Justin Turgoose,jturgooseh5@nifty.com,active,76388 Mosinee Point
2205,Megan Strasse,mstrasseh6@cyberchimps.com,active,22 Union Place
7802,Parsifal Abercrombie,pabercrombieh7@newsvine.com,expired,0 Union Parkway
2870,Jaimie Glass,jglassh8@cbslocal.com,active,684 Carey Pass
7258,Jewell Baldrey,jbaldreyh9@naver.com,active,4369 Menomonie Place
8043,Paulie Zuanazzi,pzuanazziha@engadget.com,active,8252 Larry Street
2139,Annecorinne Rizzello,arizzellohb@nhs.uk,expired,39675 Waubesa Park
7484,Niki Bache,nbachehc@wufoo.com,expired,01728 Express Place
5357,Agata Fleischer,afleischerhd@jugem.jp,expired,0103 Towne Place
3274,Buffy Copes,bcopeshe@loc.gov,expired,6049 Golf Terrace
9525,Drud Zmitrichenko,dzmitrichenkohf@sogou.com,suspended,7814 Dorton Center
8063,Evyn Wyldbore,ewyldborehg@paginegialle.it,suspended,6 Killdeer Circle
1031,Joya Houtby,jhoutbyhh@cdc.gov,expired,5 Corry Center
9162,Pierette Henderson,phendersonhi@theatlantic.com,suspended,937 Reindahl Crossing
8669,Abbey Greim,agreimhj@umich.edu,active,59 Maple Trail
6825,Mayer Minchinton,mminchintonhk@dedecms.com,active,44 Oakridge Pass
4317,Cody Byng,cbynghl@comsenz.com,active,07011 Anderson Road
4128,Rubin Hanse,rhansehm@sfgate.com,active,4209 Florence Point
2028,Budd Odgers,bodgershn@dell.com,active,2169 Dayton Circle
7804,Constantia Rawlings,crawlingsho@miibeian.gov.cn,active,970 Manitowish Trail
7778,El Weatherhead,eweatherheadhp@mtv.com,active,6 6th Plaza
2013,Ann-marie Damarell,adamarellhq@constantcontact.com,expired,05646 Fulton Road
8567,Bibbye Abbs,babbshr@fastcompany.com,suspended,42 Carpenter Alley
1728,Wittie Bastard,wbastardhs@reference.com,suspended,4 Claremont Avenue
9355,Benji Kleinfeld,bkleinfeldht@usatoday.com,active,9 Vera Drive
3929,Selia Gowanson,sgowansonhu@ox.ac.uk,active,9636 Melody Center
1705,Meg Wyper,mwyperhv@blogger.com,expired,3035 Laurel Trail
7463,Peggy Foulsham,pfoulshamhw@ucoz.ru,active,6 Clyde Gallagher Avenue
3448,Kalina Walesby,kwalesbyhx@privacy.gov.au,suspended,38 Muir Terrace
7421,Cobbie Alabastar,calabastarhy@cdbaby.com,expired,99741 Sutteridge Park
5150,Dorotea Royse,droysehz@wikimedia.org,active,22521 Pine View Hill
3176,Loy Mendus,lmendusi0@nasa.gov,suspended,476 Hazelcrest Circle
8621,Aline Baxstair,abaxstairi1@boston.com,active,1 Columbus Circle
7636,Englebert Cowpe,ecowpei2@mail.ru,active,8 Boyd Court
5562,Nate Turville,nturvillei3@fda.gov,active,48 Acker Junction
7871,Blinni Worssam,bworssami4@eventbrite.com,active,30350 Straubel Alley
2786,Elihu Kirkup,ekirkupi5@youtube.com,active,9 Rockefeller Center
4680,Jakob Petegre,jpetegrei6@seattletimes.com,expired,9 Kenwood Parkway
7809,Berget Waples,bwaplesi7@reddit.com,active,49493 Rusk Place
1599,Bondy Sogg,bsoggi8@webeden.co.uk,expired,04 Sage Junction
7591,Kelsi Francescone,kfrancesconei9@economist.com,expired,61 Forest Run Avenue
1169,Julee Bettleson,jbettlesonia@canalblog.com,active,68551 Pond Road
7902,Myrilla O'Corr,mocorrib@google.co.uk,active,9 Bashford Plaza
5207,Henryetta Newbery,hnewberyic@state.gov,active,805 Del Sol Avenue
1242,Rahal Matts,rmattsid@i2i.jp,active,02 Holy Cross Lane
7995,Leonie Bostock,lbostockie@hud.gov,expired,8437 Blue Bill Park Trail
6546,Ferdy McCumskay,fmccumskayif@sohu.com,active,04 Marcy Court
7751,Tatiania Alldis,talldisig@ning.com,active,69 Hanover Street
1097,Aila Celler,acellerih@bing.com,active,443 Hollow Ridge Street
5507,Damien Sinkinson,dsinkinsonii@deviantart.com,active,7 Colorado Point
9015,Bendick Bucknell,bbucknellij@edublogs.org,active,0 Bunting Trail
1148,Andriana Samsworth,asamsworthik@biblegateway.com,active,030 Transport Way
9201,Aileen Iltchev,ailtchevil@engadget.com,active,54 Grasskamp Avenue
7441,Pauli Willgoose,pwillgooseim@mlb.com,suspended,8 5th Circle
6189,Barnett Inkpin,binkpinin@delicious.com,active,76 Fieldstone Drive
4719,West Wilsee,wwilseeio@washington.edu,active,59 Nelson Junction
8220,Leilah Mustchin,lmustchinip@army.mil,active,0402 Bultman Parkway
5619,Tisha Iglesiaz,tiglesiaziq@w3.org,active,05 Darwin Drive
1956,Hilarius Fenna,hfennair@forbes.com,active,34 Tennessee Center
6222,Kristel Mathe,kmatheis@hostgator.com,active,7953 Center Crossing
3513,Betteanne Mowle,bmowleit@vimeo.com,active,6 Hallows Place
6638,Wyn Debrett,wdebrettiu@china.com.cn,suspended,59 Carioca Parkway
9939,Kleon Whittet,kwhittetiv@xrea.com,active,081 Muir Alley
2156,Egon Janssens,ejanssensiw@nps.gov,active,79 Magdeline Center
6856,Dunstan Sisselot,dsisselotix@studiopress.com,active,334 Sheridan Road
7605,Gilberte Dulson,gdulsoniy@surveymonkey.com,active,37 Grim Crossing
7137,Ricky Kiss,rkissiz@hc360.com,active,52 Judy Trail
1092,Nyssa Buston,nbustonj0@pbs.org,active,83 Grim Circle
7820,Gun Reddish,greddishj1@yandex.ru,active,637 Farmco Terrace
1033,Georgetta McCalum,gmccalumj2@theatlantic.com,active,7 Golden Leaf Alley
2086,Roselia Suche,rsuchej3@taobao.com,active,05 Calypso Way
6954,Carr Klebes,cklebesj4@admin.ch,expired,4424 Kensington Hill
3560,Ysabel Dunton,yduntonj5@berkeley.edu,expired,2 Brown Road
9602,Harri Adamik,hadamikj6@chron.com,active,218 Fairview Avenue
7465,Andy Sumpton,asumptonj7@archive.org,active,06 Main Plaza
4973,Katie Downing,kdowningj8@imageshack.us,active,15 Fulton Pass
9222,Maure Fruish Dyson,mfruishj9@de.vu,active,4 Atwood Avenue
4421,Cameron Helin,chelinja@buzzfeed.com,expired,468 Autumn Leaf Trail
6479,Donnell Segoe Ardling,dsegoejb@columbia.edu,active,5421 Nova Alley
7741,Filip Jacobsen,fjacobsenjc@nymag.com,active,43142 Village Center
6980,Xymenes Offord,xoffordjd@jigsy.com,active,0125 Mcguire Circle
9341,Annabelle Nozzolinii,anozzoliniije@newsvine.com,active,667 Mallory Place
8855,Jacklin Farny,jfarnyjf@ameblo.jp,expired,5344 Debs Court
8717,Faythe Klezmski,fklezmskijg@patch.com,active,9160 Jenna Trail
2069,Pattin Ferrige,pferrigejh@opensource.org,active,2586 Novick Place
2117,Katerine Grasser,kgrasserji@angelfire.com,expired,843 Glacier Hill Place
5477,Wang Stanlack,wstanlackjj@wordpress.org,active,0 Cordelia Parkway
7229,Thurston Seccombe,tseccombejk@npr.org,suspended,443 Carioca Alley
3644,Therese Audenis,taudenisjl@cornell.edu,expired,3 Parkside Plaza
5842,Jourdain Fuggles,jfugglesjm@meetup.com,expired,315 Everett Junction
6446,Kelsi Simonelli,ksimonellijn@icq.com,expired,2736 Warner Hill
1184,Kelly Doggerell,kdoggerelljo@ebay.co.uk,active,34968 Acker Alley
8396,Carver Spoerl,cspoerljp@hud.gov,active,10396 Warrior Pass
6824,Tiffie Klimp,tklimpjq@jimdo.com,active,85 Kings Trail
8843,Tandy Bellord,tbellordjr@hp.com,active,43008 Hanover Park
4324,Sibelle Risborough,srisboroughjs@devhub.com,active,23423 Stang Center
7527,Mord Dahill,mdahilljt@utexas.edu,active,2708 South Park
8629,Dunc Nelane,dnelaneju@nasa.gov,active,425 Parkside Road
7492,Dulcy Madelin,dmadelinjv@reverbnation.com,active,12966 Morningstar Way
6947,Del Vearnals,dvearnalsjw@networkadvertising.org,expired,3206 Valley Edge Pass
7178,Klaus Beacham,kbeachamjx@hibu.com,active,02414 Florence Center
9900,Barby Foxen,bfoxenjy@nytimes.com,expired,41 Luster Place
6345,Ray Trigwell,rtrigwelljz@deliciousdays.com,expired,38002 Eliot Hill
8333,Tabina Corson,tcorsonk0@archive.org,active,577 Golf View Point
7000,Elmo Weber,eweberk1@goodreads.com,expired,545 Fordem Place
3474,Hana Raxworthy,hraxworthyk2@godaddy.com,active,28 Northview Plaza
2417,Jedidiah Hayford,jhayfordk3@nba.com,active,95 Heffernan Road
3270,Cthrine Dower,cdowerk4@mayoclinic.com,expired,2793 Hintze Lane
3247,Selinda Gerson,sgersonk5@hugedomains.com,active,6197 Johnson Avenue
3918,Nels Beers,nbeersk6@webmd.com,expired,613 Lakeland Crossing
3375,Kingsley Marusic,kmarusick7@elpais.com,suspended,98282 Pennsylvania Place
7674,Harriott Bailes,hbailesk8@cnn.com,expired,0919 Buhler Point
1436,Jamaal Belchamber,jbelchamberk9@ning.com,expired,723 Loftsgordon Point
2307,Bernelle Suter,bsuterka@github.io,active,36 4th Pass
6771,Mariel Rooms,mroomskb@google.nl,expired,6023 Fulton Plaza
8534,Merrily Rihanek,mrihanekkc@drupal.org,active,9871 Sundown Drive
6204,Eirena McGuane,emcguanekd@yahoo.com,active,2052 Sunnyside Place
1531,Irma Litchfield,ilitchfieldke@forbes.com,suspended,6256 Brentwood Road
5173,Ricca Alben,ralbenkf@sitemeter.com,expired,189 Thierer Place
4473,Gianna Albrooke,galbrookekg@istockphoto.com,active,4932 Maywood Street
4557,Bobine World,bworldkh@irs.gov,active,93 School Point
8134,Isabel Oxbrow,ioxbrowki@prweb.com,active,7 Blackbird Crossing
8967,Maynard Severs,mseverskj@technorati.com,expired,228 Towne Plaza
7004,Costanza Benfield,cbenfieldkk@quantcast.com,active,1 Mosinee Street
9904,Edan Baird,ebairdkl@zimbio.com,active,8516 Sherman Street
5817,Towney Storms,tstormskm@sina.com.cn,active,9 Shelley Alley
1566,Claudian Wiltshire,cwiltshirekn@apache.org,active,91 Fair Oaks Point
8011,Pansie Lerner,plernerko@vkontakte.ru,active,0281 Barby Place
8806,Harli Helsdon,hhelsdonkp@uiuc.edu,active,2 Eastlawn Pass
6348,Randall Downer,rdownerkq@buzzfeed.com,active,0489 Blue Bill Park Lane
8385,Minor Crepin,mcrepinkr@netlog.com,suspended,3287 Dryden Court
3927,Jsandye Seyers,jseyersks@fema.gov,active,20909 Holy Cross Avenue
6618,Verina Howitt,vhowittkt@unicef.org,expired,303 New Castle Street
4582,Rikki MacCaughey,rmaccaugheyku@hud.gov,active,99098 Lawn Place
4725,Constancy Thackwray,cthackwraykv@sciencedirect.com,active,7 Duke Trail
7715,Susy Matthews,smatthewskw@live.com,active,41364 Atwood Pass
7234,Karlee Antunes,kantuneskx@google.de,active,45491 Old Gate Place
8750,Clem Doyle,cdoyleky@mit.edu,expired,61 Dayton Court
9708,Lucretia Ponde,lpondekz@twitter.com,suspended,869 Lake View Avenue
4040,Analise Cokely,acokelyl0@harvard.edu,active,54 Lakewood Gardens Hill
3158,Victor Ivanusyev,vivanusyevl1@ucoz.ru,expired,1 Becker Avenue
2614,Callean Finders,cfindersl2@cafepress.com,active,04897 Westerfield Junction
6648,Carlye Novak,cnovakl3@usda.gov,active,0 Merrick Junction
4197,Elmer Worsnip,eworsnipl4@cpanel.net,expired,64326 Troy Hill
3056,Carlye Louch,clouchl5@china.com.cn,active,69 Pearson Hill
8907,Di Wybrow,dwybrowl6@youku.com,expired,15680 Mandrake Place
2960,Brewer Prazer,bprazerl7@illinois.edu,active,1 1st Circle
3232,Arlette Drieu,adrieul8@chron.com,active,9 Sutherland Point
4404,Rivy McDonough,rmcdonoughl9@whitehouse.gov,active,6780 Raven Junction
4548,Alvy Bollom,abollomla@yandex.ru,active,210 Kropf Lane
2439,Lonny Segoe,lsegoelb@ebay.com,active,7 Beilfuss Pass
1011,Gwenni Sayton,gsaytonlc@trellian.com,active,88753 Dovetail Street
1775,Tremain McSkin,tmcskinld@walmart.com,active,5 Portage Point
3944,Ailsun Northey,anortheyle@webmd.com,active,679 Eliot Hill
5612,Zelda Ellam,zellamlf@wufoo.com,expired,56 Oriole Parkway
9267,Emylee Hache,ehachelg@photobucket.com,active,68963 Blue Bill Park Trail
4968,Jean Buchett,jbuchettlh@unesco.org,active,9484 Bartillon Pass
4371,Opal Buxton,obuxtonli@nhs.uk,expired,40 Parkside Pass
4013,Bellanca Priditt,bpridittlj@patch.com,active,38 Brickson Park Point
7090,Jeromy Dyter,jdyterlk@netlog.com,expired,1842 Summit Circle
1507,Ruthanne Colloby,rcollobyll@ocn.ne.jp,expired,462 Schurz Court
7299,Francoise Orbell,forbelllm@geocities.com,active,19856 Elka Junction
5807,Bili Troake,btroakeln@google.de,expired,2197 Manitowish Pass
2730,Pete Craze,pcrazelo@epa.gov,expired,871 Dahle Drive
8519,Kettie Woltering,kwolteringlp@apple.com,active,5208 Sullivan Avenue
4583,Travis Mapledoore,tmapledoorelq@elegantthemes.com,active,982 Melby Road
6372,Letti Tidd,ltiddlr@creativecommons.org,active,6392 Dryden Pass
3322,Nikolaos Frend,nfrendls@usnews.com,active,5034 Schiller Center
6698,Aileen Baccus,abaccuslt@usa.gov,active,0 Oneill Junction
5982,Wyndham Dymond,wdymondlu@webnode.com,suspended,0 Arkansas Road
9411,Andrej Skryne,askrynelv@fema.gov,expired,57917 Acker Drive
5820,Thorstein Bywater,tbywaterlw@omniture.com,active,352 Darwin Street
6112,Codie Harlow,charlowlx@friendfeed.com,active,5985 Mayer Terrace
3191,Nikki Gaze,ngazely@odnoklassniki.ru,expired,33 Mcguire Avenue
3607,Garey O'Feeny,gofeenylz@msn.com,expired,0738 Old Gate Avenue
1780,Dwayne Hewins,dhewinsm0@vinaora.com,active,29 Arizona Hill
1274,Stepha Joutapaitis,sjoutapaitism1@oakley.com,active,51 Fieldstone Crossing
8516,Helaina Jope,hjopem2@dailymail.co.uk,active,7 Myrtle Pass
9465,Nat Iacovolo,niacovolom3@purevolume.com,suspended,1565 Vahlen Lane
9971,Joy McAndie,jmcandiem4@php.net,active,816 Corscot Drive
2681,Roderigo Buckland,rbucklandm5@trellian.com,suspended,4311 Melody Lane
6013,Seward Doak,sdoakm6@clickbank.net,active,76234 Blackbird Road
2345,Ingar Himpson,ihimpsonm7@timesonline.co.uk,expired,421 Aberg Circle
2887,Kate Gingles,kginglesm8@shop-pro.jp,active,619 Warrior Pass
4653,Fielding Trunkfield,ftrunkfieldm9@wisc.edu,expired,20 Mesta Park
1394,Joel Hort,jhortma@mail.ru,active,5747 Bunker Hill Point
9518,Emylee Brandsen,ebrandsenmb@edublogs.org,active,55655 East Plaza
5892,Pearl Jagg,pjaggmc@ustream.tv,active,558 Gulseth Place
7651,Jordan Saveall,jsaveallmd@webmd.com,active,2 Eastwood Street
6942,Pattie Tibbits,ptibbitsme@npr.org,active,80501 Spohn Point
8399,Edin Vernazza,evernazzamf@slate.com,active,84 Debra Pass
4792,Jessamyn Masedon,jmasedonmg@zimbio.com,active,5 Stephen Hill
5695,Velvet O' Neligan,vomh@salon.com,active,76 Londonderry Plaza
7685,Nicholle Handy,nhandymi@last.fm,active,002 Arizona Street
7082,Nadeen Pott,npottmj@webnode.com,expired,50647 Brown Park
8456,Silvain Lusk,sluskmk@networkadvertising.org,suspended,3 Weeping Birch Alley
4068,Mariam Gaskarth,mgaskarthml@behance.net,active,90397 Heffernan Pass
6919,Renata Assaf,rassafmm@msn.com,active,07 Westerfield Street
1158,Josh Kelbie,jkelbiemn@homestead.com,expired,8646 Pleasure Way
1114,Clotilda Guillem,cguillemmo@nps.gov,active,425 Becker Avenue
3384,Kalie Jurs,kjursmp@people.com.cn,active,09202 Superior Alley
7445,Jerrie Roman,jromanmq@slashdot.org,expired,58919 Talmadge Alley
7267,Oby Spurdon,ospurdonmr@ebay.com,active,2060 Lakeland Street
1575,Verine Lune,vlunems@merriam-webster.com,active,094 Marquette Drive
9528,Jobi Klasen,jklasenmt@businessinsider.com,active,5211 Delladonna Avenue
3925,Lilla Pescud,lpescudmu@aol.com,expired,37551 Monument Center
9003,Dominga Dumigan,ddumiganmv@ibm.com,active,49325 Havey Road
6290,Kellen Lehrmann,klehrmannmw@51.la,active,70 Grover Street
8693,Hildagarde Buffin,hbuffinmx@g.co,active,6 Shoshone Crossing
7237,Eunice Skeggs,eskeggsmy@va.gov,active,03 Red Cloud Street
7957,Carri Bissill,cbissillmz@sbwire.com,active,95 Waubesa Terrace
3791,Mauricio Farloe,mfarloen0@ox.ac.uk,active,90255 Beilfuss Lane
1252,Chaim Sambell,csambelln1@t-online.de,active,72 Hintze Crossing
4954,Jewell Lankester,jlankestern2@vkontakte.ru,active,53 Bay Hill
5944,Tadio Thunderman,tthundermann3@aol.com,expired,29 Arapahoe Crossing
3463,Myrtice Bisterfeld,mbisterfeldn4@dyndns.org,expired,19034 Loomis Way
8369,Sholom Welbeck,swelbeckn5@so-net.ne.jp,active,0 Waubesa Place
5862,Cinnamon Crummy,ccrummyn6@php.net,expired,6 Hagan Crossing
8064,Husain Dredge,hdredgen7@parallels.com,expired,3 Commercial Park
5098,Samantha Karsh,skarshn8@sourceforge.net,active,55 Pawling Alley
7474,Ward Maginn,wmaginnn9@admin.ch,active,973 Commercial Park
2978,Judie Coetzee,jcoetzeena@ebay.co.uk,active,86 Roxbury Junction
9855,Lanny Polotti,lpolottinb@google.es,active,216 Anthes Crossing
1107,Clary Castelletto,ccastellettonc@t-online.de,active,7482 Manitowish Terrace
8074,Peggy Styche,pstychend@archive.org,expired,386 Boyd Road
1682,Annmaria Brychan Berndsen,abrychanne@time.com,expired,260 Oriole Street
6596,Annabella Billison,abillisonnf@stanford.edu,active,76 Glendale Hill
8853,Agnesse Drable,adrableng@hud.gov,active,50341 Little Fleur Street
6017,Nikolaus Emtage,nemtagenh@soup.io,active,660 Karstens Trail
5359,Mischa Lydford,mlydfordni@newsvine.com,active,6 Dexter Avenue
5306,Robyn De Banke,rdenj@harvard.edu,expired,957 Farwell Lane
1940,Lexy Milward,lmilwardnk@sakura.ne.jp,active,262 Eagle Crest Lane
3689,Jehanna Benazet,jbenazetnl@princeton.edu,expired,93 Killdeer Alley
2755,Burlie Crookes,bcrookesnm@devhub.com,active,79045 Division Terrace
1349,Emanuele Weitzel,eweitzelnn@twitter.com,active,747 Ramsey Place
8591,Stormy Lysaght,slysaghtno@fda.gov,expired,06019 Sachtjen Park
1073,Barbe Rushmere,brushmerenp@last.fm,expired,554 Bobwhite Terrace
9342,Linnea Brydell,lbrydellnq@vimeo.com,active,34 Independence Hill
2558,Shelly Winterscale,swinterscalenr@whitehouse.gov,expired,6166 Northfield Crossing
9616,Datha Bardey,dbardeyns@npr.org,active,31811 Dayton Avenue
8597,Lindie Aylwin,laylwinnt@independent.co.uk,expired,25636 Daystar Road
8668,Caterina Liggens,cliggensnu@posterous.com,active,92844 Myrtle Hill
2980,Esther Martinyuk,emartinyuknv@admin.ch,active,86 Corry Avenue
5757,Luciana Woodruffe,lwoodruffenw@live.com,suspended,5 Oak Valley Park
7444,Cristabel Gaiger,cgaigernx@sciencedaily.com,active,407 Melvin Alley
9810,Roi Etherington,retheringtonny@seesaa.net,active,7889 Tony Parkway
5613,Maible Chippindale,mchippindalenz@blogtalkradio.com,expired,787 Tomscot Pass
5841,Alexis Sherr,asherro0@deliciousdays.com,active,879 Commercial Alley
9444,Andrea Dongall,adongallo1@blogtalkradio.com,active,548 Morning Avenue
1508,Ricard Giorgioni,rgiorgionio2@alibaba.com,expired,57 Muir Circle
5474,Woody Trenchard,wtrenchardo3@java.com,expired,0654 Porter Terrace
2163,Melli Stockley,mstockleyo4@narod.ru,active,4 Village Trail
3599,Lura Goulthorp,lgoulthorpo5@wufoo.com,expired,80 Raven Lane
9285,Kelcy Ovize,kovizeo6@cyberchimps.com,active,505 Kedzie Pass
5214,Adriana Ullett,aulletto7@unc.edu,active,6 Oakridge Crossing
3090,Asher Frisdick,afrisdicko8@google.de,active,96032 Bunker Hill Point
4095,Edita Brager,ebragero9@bluehost.com,expired,8340 Kensington Way
3484,Nataniel Joyson,njoysonoa@nationalgeographic.com,active,39 Del Sol Street
5183,Charmine Skitt,cskittob@mediafire.com,active,024 Mayfield Circle
3213,Lorry Harrild,lharrildoc@alexa.com,active,61561 Blackbird Avenue
6817,Leonhard Wetwood,lwetwoodod@google.com.br,active,5 Kedzie Way
1102,Adrea Duhig,aduhigoe@1und1.de,active,408 Spohn Circle
7287,Jan Tellenbach,jtellenbachof@wikia.com,suspended,44 Northfield Parkway
6787,Adriana Rayburn,arayburnog@prnewswire.com,active,431 Karstens Junction
8780,Fletch Chaudrelle,fchaudrelleoh@amazon.co.jp,active,6165 Dovetail Place
8023,Chanda Tipler,ctipleroi@symantec.com,expired,28 Little Fleur Pass
5733,Aubrey Guichard,aguichardoj@e-recht24.de,suspended,081 Laurel Crossing
6556,Patsy Turnor,pturnorok@de.vu,active,89 Merchant Way
1235,Jacinda Padly,jpadlyol@army.mil,expired,9144 Comanche Court
3920,Rodolph Axford,raxfordom@paypal.com,active,564 Redwing Way
7400,Rivy Radnage,rradnageon@csmonitor.com,active,68 Sachs Hill
7262,Lynna McManamon,lmcmanamonoo@networkadvertising.org,expired,34739 Nevada Road
3357,Whitby Attenburrow,wattenburrowop@jigsy.com,active,94353 Johnson Center
6795,Caroljean Hellyar,chellyaroq@house.gov,active,234 Spenser Circle
3125,Violetta Ferrieres,vferrieresor@about.com,expired,66 Boyd Way
9743,Lionel Cammomile,lcammomileos@google.com,active,06193 Bayside Avenue
7526,Livvie Maclean,lmacleanot@shareasale.com,expired,37 Alpine Way
7830,Danya MacCarter,dmaccarterou@columbia.edu,suspended,99 Norway Maple Court
3059,Eryn Bodle,ebodleov@netlog.com,active,47030 Esker Street
4679,Lynea Filasov,lfilasovow@discovery.com,expired,155 Buena Vista Pass
5504,Eudora Bauckham,ebauckhamox@cargocollective.com,active,423 Derek Junction
1454,Valentin Mateescu,vmateescuoy@topsy.com,active,821 Miller Way
3507,Nicolea Rusbridge,nrusbridgeoz@ustream.tv,active,73936 Lakewood Gardens Point
5291,Frasquito Dorant Lisciardelli,fdorantp0@flickr.com,active,9451 Fuller Trail
7660,Anna-maria Tolwood,atolwoodp1@reuters.com,expired,967 7th Way
7197,Dayle Calvie,dcalviep2@cafepress.com,active,46 Glacier Hill Lane
2037,Jillane Murrhaupt,jmurrhauptp3@aboutads.info,active,8 Fairview Crossing
4578,Clerc Botting,cbottingp4@google.com.br,active,23055 Fair Oaks Point
6542,Greer Ciccerale,gcicceralep5@usda.gov,expired,3521 Anzinger Way
3450,Garner Hovey,ghoveyp6@histats.com,active,19 Colorado Crossing
5611,Solly Putley,sputleyp7@sourceforge.net,active,7 Lawn Drive
1271,Gerti Higford,ghigfordp8@nbcnews.com,expired,9 Raven Center
6777,Trixie Dicty,tdictyp9@sohu.com,active,792 Pine View Way
8244,Clyve Bozier,cbozierpa@exblog.jp,expired,241 Stone Corner Way
1391,Amandi Labro,alabropb@pinterest.com,active,4568 Mayer Road
3795,Jordain Vanyarkin,jvanyarkinpc@oracle.com,active,55843 Loomis Junction
1287,Hildy Salkeld,hsalkeldpd@1688.com,active,93 Pierstorff Alley
7285,Mattie Goodger,mgoodgerpe@washington.edu,active,75 Birchwood Street
6158,Lucinda Eburah,leburahpf@state.gov,active,08 Meadow Ridge Junction
4244,Jock Standley,jstandleypg@netscape.com,active,6 Service Drive
3265,Wynn Roches,wrochesph@furl.net,expired,4 Sachtjen Alley
2297,Kalie Kleinstub,kkleinstubpi@patch.com,active,9133 Shasta Place
7403,Richard Josum,rjosumpj@a8.net,expired,622 Bartillon Court
4340,Elga Quakley,equakleypk@wunderground.com,expired,44237 Moulton Place
3679,Alexandro Rogers,arogerspl@yelp.com,expired,347 Lindbergh Alley
5524,Neron Watts,nwattspm@wordpress.com,active,7 Arrowood Lane
7823,Deena Michin,dmichinpn@sphinn.com,active,47728 Grayhawk Road
1424,Torie Roddie,troddiepo@umich.edu,active,340 Canary Parkway
8113,Rosemonde Blenkhorn,rblenkhornpp@blogger.com,suspended,08 Namekagon Lane
2192,Margaretta Leyfield,mleyfieldpq@mtv.com,active,109 Annamark Point
9526,Evvie Betchley,ebetchleypr@goo.ne.jp,active,41361 Manufacturers Trail
2107,Audy Cicchitello,acicchitellops@cnbc.com,active,72157 Macpherson Court
7399,Elonore Dunstone,edunstonept@harvard.edu,expired,786 Almo Circle
4375,Keely Clymo,kclymopu@digg.com,active,011 Northridge Crossing
3207,Catharina Ville,cvillepv@businessweek.com,suspended,79044 Autumn Leaf Crossing
6862,Carolan Slight,cslightpw@ycombinator.com,active,46 Hermina Park
8575,Ailbert Grocock,agrocockpx@comsenz.com,suspended,784 Eliot Terrace
3978,Cherrita Ogilvy,cogilvypy@zimbio.com,active,3615 Swallow Parkway
6794,Aron Kleiser,akleiserpz@liveinternet.ru,suspended,5085 Atwood Parkway
4000,Omero Collacombe,ocollacombeq0@ucsd.edu,active,5666 Alpine Junction
3248,Farlee Jeremaes,fjeremaesq1@army.mil,active,8657 Maryland Road
1428,Martelle Worrill,mworrillq2@who.int,active,65 Goodland Point
9544,Agnese Yvon,ayvonq3@github.com,expired,182 Stoughton Parkway
1899,Stearn Proughten,sproughtenq4@istockphoto.com,expired,78 Hazelcrest Hill
8764,Theresina Heynen,theynenq5@livejournal.com,suspended,510 Mosinee Point
8922,Terese Gallelli,tgallelliq6@pcworld.com,active,4 Veith Street
2065,Vivie Torresi,vtorresiq7@ucla.edu,active,210 Talmadge Court
6661,Lillis Halson,lhalsonq8@yellowpages.com,active,17 Stephen Plaza
4823,Renaud Fauning,rfauningq9@google.com.hk,active,787 Lunder Street
9503,Shaylah Arne,sarneqa@washingtonpost.com,expired,8 Stephen Center
5450,Nyssa Inwood,ninwoodqb@washington.edu,expired,67 Holy Cross Circle
