1010,Brucie Bullion,bbullione2@tmall.com,expired,95 Victoria Park
1011,Gwenni Sayton,gsaytonlc@trellian.com,active,88753 Dovetail Street
1025,Justin Turgoose,jturgooseh5@nifty.com,active,76388 Mosinee Point
1029,Toddie Salter Clist,tsalterez@dailymotion.com,expired,2365 Bayside Parkway
1031,Joya Houtby,jhoutbyhh@cdc.gov,expired,5 Corry Center
1033,Georgetta McCalum,gmccalumj2@theatlantic.com,active,7 Golden Leaf Alley
1034,Victoria Putland,vputlandc0@prweb.com,active,093 Emmet Crossing
1041,Roxie Dagg,rdagg3u@wisc.edu,expired,9510 Eastwood Alley
1047,Angel Tomicki,atomickiet@wix.com,active,290 Magdeline Court
1060,Sissie Blondelle,sblondelleau@google.cn,suspended,2 Mesta Junction
1063,Lexi Revely Overstall,lrevely6w@go.com,expired,2 East Parkway
1067,Kala Bedome,kbedomeg1@eventbrite.com,expired,409 Barnett Avenue
1073,Barbe Rushmere,brushmerenp@last.fm,expired,554 Bobwhite Terrace
1090,Maxie Budd,mbudd6f@wordpress.com,active,90643 Carey Way
1092,Nyssa Buston,nbustonj0@pbs.org,active,83 Grim Circle
1095,Carolynn Croxford,ccroxford7t@odnoklassniki.ru,expired,78878 Pond Trail
1097,Aila Celler,acellerih@bing.com,active,443 Hollow Ridge Street
1102,Adrea Duhig,aduhigoe@1und1.de,active,408 Spohn Circle
1107,Clary Castelletto,ccastellettonc@t-online.de,active,7482 Manitowish Terrace
1114,Clotilda Guillem,cguillemmo@nps.gov,active,425 Becker Avenue
1122,Vinnie McGinnell,vmcginnellfe@berkeley.edu,active,03 Parkside Terrace
1148,Andriana Samsworth,asamsworthik@biblegateway.com,active,030 Transport Way
1158,Josh Kelbie,jkelbiemn@homestead.com,expired,8646 Pleasure Way
1169,Julee Bettleson,jbettlesonia@canalblog.com,active,68551 Pond Road
1183,Clare Friedenbach,cfriedenbach60@dell.com,active,895 Brown Point
1184,Kelly Doggerell,kdoggerelljo@ebay.co.uk,active,34968 Acker Alley
1205,Donovan Wantling,dwantling7n@examiner.com,active,89442 Morningstar Avenue
1230,Flor Chadwyck,fchadwyck43@sciencedirect.com,active,799 Northfield Circle
1232,Bertha Prozescky,bprozescky7y@exblog.jp,active,2 Randy Park
1235,Jacinda Padly,jpadlyol@army.mil,expired,9144 Comanche Court
1239,Aymer Mullaney,amullaneybj@prweb.com,active,64 Luster Crossing
1242,Rahal Matts,rmattsid@i2i.jp,active,02 Holy Cross Lane
1252,Chaim Sambell,csambelln1@t-online.de,active,72 Hintze Crossing
1256,Allie Haggerwood,ahaggerwood1l@tiny.cc,active,65386 John Wall Street
1260,Aimil Hitzmann,ahitzmanndg@mediafire.com,active,4 Kinsman Street
1263,Elke Clapp,eclappg3@ft.com,active,27 Carberry Point
1271,Gerti Higford,ghigfordp8@nbcnews.com,expired,9 Raven Center
1274,Stepha Joutapaitis,sjoutapaitism1@oakley.com,active,51 Fieldstone Crossing
1276,Celestyna Reeveley,creeveley8n@linkedin.com,active,25 Melvin Road
1277,Phillipe Georghiou,pgeorghioubx@latimes.com,active,331 Aberg Park
1280,Sascha Latchmore,slatchmoreb@princeton.edu,active,0212 Graedel Hill
1281,Ysabel Hopfer,yhopfer2z@blinklist.com,expired,5801 Katie Circle
1287,Hildy Salkeld,hsalkeldpd@1688.com,active,93 Pierstorff Alley
1294,Marice Colling,mcollingc6@seattletimes.com,active,51718 Sachtjen Lane
1301,Stevena Wickersham,swickershamap@blogspot.com,expired,97118 Corry Park
1303,Dedra Reilly,dreillyda@symantec.com,active,410 Spohn Hill
1313,Barrett Rival,brival8y@sohu.com,active,7783 Browning Circle
1324,Sim Horribine,shorribineep@oracle.com,active,4 Marquette Trail
1332,Ode MacTague,omactaguefi@wired.com,active,72 Schiller Terrace
1337,Issie Mapother,imapothergj@soup.io,active,5178 Dayton Parkway
